experiment_id,date,component,objective,baseline,change,configuration,dataset_split,sample,seed,candidate_recall,pair_precision,pair_recall,entity_f05,runtime,memory,artifacts,git_commit,evidence_status,interpretation,limitations,notes
E000,2026-09-26,data-audit,,,Row counts and ID uniqueness across all five train+test files,,train+test,,,,,,,,,,d5741aa,,,,Test: S1=1732544 S2=4887273 S3=5082316 total=11702133. Doc figures are wc -l incl. header; train figures are record counts. Inconsistent within one table. See DOCS/competition_notes.md corrections.
E001,2026-09-26,data-audit,,,"Required submission row count, read via the official validator's own read_ids()",,test,,,,,,,,,,d5741aa,,,,"1,732,544 NOT the documented 1,732,545. Authority: utils/validate_submission.py. See suggestion.md 1.7."
E002,2026-09-26,data-audit,,,"Ground-truth match-cardinality histogram, mean m, singleton count (suggestion.md Appendix C)",,train,,,,,,,3.8 s,,,d5741aa,,,,rows=2206821 bucket assert OK; mean m=3.46125 over 7638365 pairs; singletons=123247 (5.58%). CONTRADICTS 6 DOCS implying train has no singletons.
E003,2026-09-26,data-audit,,,Strict-partial-matching test: is any vendor id claimed by more than one S1 entity,,train,,,,,,,,,,d5741aa,,,,"7638365 pairs -> 7638365 distinct vendor ids; 0 shared; 0 orphans. GT is a strict partial matching, so GLOBAL 1:1 ENFORCEMENT IS SAFE. Measured, not assumed."
E004,2026-09-26,data-audit,,,Test country mix computed on full files rather than a prefix sample,,test,,,,,,,,,,d5741aa,,,,"S1: France 14.98% / India 46.75% / US 38.27%. Train is 60/40/0, so France is entirely absent from train. Confirms the distribution-shift premise."
E005,2026-09-26,data-audit,,,Full-file 6-digit token scan; attribution of 6-digit runs to India PIN vs US leading-zero ZIP,,train+test,,,,,,,,,,d5741aa,,,,S1 1838 (182 Indian) / S2 42485 (459 Indian) / S3 42731 (410 Indian). CONTRADICTS raw_dataset_specification.md 4 claiming 50000+ Indian PINs. eda.md is correct; the spec is wrong.
E006,2026-09-26,data-audit,,,Singleton rate by country - uniformity check on E002,,train,,,,,,,,,,d5741aa,,,,"US 5.584% / India 5.588%, i.e. uniform. No country-specific singleton prior is warranted."
E007,2026-09-26,preprocessing,,,Vectorised normalisation path (normalize_fast) + Unicode-correct tokenizer in the reference,,train+test,,"11,13",,,,,15.8 s,3.8 GB,,02f5995,,,,"26M records normalised in 15.8s vs ~6.1 min/pass for the reference (13-23x per frame). Byte-identical to reference on 400k-row samples of all six frames. FOUR BUGS FOUND: (1) the REFERENCE shredded Indic text - normalize_name('प्राइवेट') returned 'पर इव ट' because Python re excludes combining marks from \w while Rust (Polars) includes them; 5.4% train S2 / 6.3% test S2 carry Devanagari. Tokenizer now defined by Unicode category in both engines. (2) unicodedata.combining() returns 0 for Mn marks (e.g. U+0947) and for all Mc, so it was not dropping marks at all; replaced with category L*/M* + single-ASCII-letter fold. (3) Polars replace_all scans non-overlapping, so consecutive duplicate tokens survived - 'Límited Límited' kept one 'limited' and 'S S' kept one 's'; 0.4-0.5% of names diverged. Fixed with \b-anchored alternation. (4) fold table inventoried raw text but folding happens post-lowercase, so French accents went unfolded. Evidence: tests/test_normalize_fast.py."
E008,2026-09-26,preprocessing,,,Post-fix normalisation quality audit on full test S1,,test,,,,,,,,,,PENDING,,,,"27 of 1,732,544 names normalise to empty (0.0016%); 0 addresses empty; 0 names retain any non-ASCII character. French test-only jurisdiction verified: 'École primaire Sainte Pierre'->'ecole primaire sainte pierre', 'Établissements Demployeurs SARL'->'etablissements demployeurs'."
E010,2026-09-26,retrieval,Does the 7-strategy blocking plan retrieve the true vendor for a query when the vendor pool is small enough that document-frequency ceilings are rarely binding?,single-strategy retrieval (exact_name alone),"Union of all 7 strategies over a 2,000-query sample drawn from train S1, with 50,000 distractors added to the vendor pool. Replaces a single blocking key with a union of complementary keys.","plan=[exact_name,alnum_name,sorted_name,address_exact,name_token(df<=50),address_token(df<=200),numeric_token(df<=200)]; no candidate cap; distractors=50000",train,"2,000 train S1 queries (seed 17) against a 57,288-record vendor pool (train S2+S3 restricted to candidates of these queries + distractors)",17,"0.987651 (union pair); 0.999500 (union entity hit rate); 90 of 7,288 true pairs missed (1.23%, derived: only missed count consistent with the stored 6dp union recall, not separately recorded); per-strategy standalone: exact_name 0.482986 alnum_name 0.489297 sorted_name 0.516877 address_exact 0.121981 name_token 0.613337 address_token 0.942234 numeric_token 0.638584; median 144 candidates/query, p95 403, max 923",,0.987651 (union),,12.8 s,3.03 GiB peak RSS,experiments/results/E010_controlled_recall.json (gitignored),1335ab7 (run); corrections UNCOMMITTED,MEASURED (upper bound only),"The plan is mechanically sound: given a well-constrained vendor pool it recovers 98.8% of true pairs. Confirms the union-of-complementary-keys design and shows no strategy is redundant (each has a non-trivial marginal, address_token contributing +0.2154).","NOT a recall estimate for the real task. The 57,288-record pool is 0.55% of the 10.3M full pool, so the df ceilings (50/200/200) are nearly inert here: name_token reaches 61.3% standalone versus 11.2% at full scale, numeric_token 63.9% versus 8.5%. Use E011, not this, for the recall ceiling. Entity F0.5 not measured - no matcher existed.","E011 supersedes E010 for any recall decision. This row exists as the controlled sanity check and as the record of the reporting bug fixed in E010's artifact (_corrections block): stored per_strategy[].pair_recall held CUMULATIVE union recall, not standalone."
E011,2026-09-26,retrieval,"What is candidate recall of the 7-strategy plan on the real vendor pool, and what candidate cap (if any) can be affordably applied?",E010 controlled setting (small pool); also serves as the baseline for the cap sweep,"Same 7-strategy plan run against the FULL 10,320,219-record train S2+S3 pool, 200,000 queries. Adds a candidate-cap sweep at 100/150/200/250/300/400/uncapped.","plan=[exact_name,alnum_name,sorted_name,address_exact,name_token(df<=50),address_token(df<=200),numeric_token(df<=200)]; cap sweep 100,150,200,250,300,400,uncapped; vendor_pool=train S2+S3 full",train,"200,000 train S1 queries (seed 17) against the full 10,320,219-record train S2+S3 vendor pool; 692,176 true pairs over 188,754 entities with >=1 match",17,"0.7766 (union pair); 0.9525 (union entity hit rate); 154,640 of 692,176 true pairs missed (22.34%); per-strategy standalone: exact_name 0.487389 alnum_name 0.492134 sorted_name 0.522022 address_exact 0.117011 name_token 0.112117 address_token 0.406079 numeric_token 0.085490. Cap sweep (pair/entity): 100->0.7262/0.9294, 150->0.7466/0.9379, 200->0.7570/0.9427, 250->0.7619/0.9453, 300->0.7641/0.9466, 400->0.7670/0.9488, uncapped->0.7766/0.9525; median 41 candidates/query at every cap",,0.7766 (union),,1719.7 s,5.81 GiB peak RSS (as recorded; a log line observed 6.84 GiB - see limitations),experiments/results/E011_full_recall.json (gitignored). NO bitmask was saved - see limitations,1335ab7 (run and bug commit); corrections UNCOMMITTED,MEASURED,"Retrieval is the binding constraint. F_0.5 = 1.25R/(0.25+R), so at perfect precision this recall supports at most F_0.5 = 0.9456; reaching 0.95 needs pair recall >= 0.7917. The plan is 1.51 points of recall short of that. address_token is the single largest contributor (+0.1519 marginal) and numeric_token is nearly dead (+0.0005), so the token strategies, not the exact-match ones, are where the headroom is. The cap sweep is nearly flat: 200 costs 1.96 points of pair recall, 400 costs 0.96, and the median is 41 candidates at every cap, so a cap trades a little recall for a large cut in pair count with no effect on the typical query.","1) No bitmask artifact was saved, so standalone_entity_recall and a true retrieved_by_exactly_one are NOT RECOVERABLE and are recorded as null rather than estimated. 2) peak_rss_gib 5.81 in the artifact vs 6.84 observed in a log line - discrepancy recorded, not reconciled. 3) Trained-on-train measurement; test contains France, which is absent from train (E004), so France recall is unmeasurable here. 4) The cap sweep was measured before the standalone/cumulative fix; those sweep numbers are union figures and are unaffected. 5) candidate_recall is per-pair, not entity-level macro F_0.5, and no matcher existed.","CORRECTED, not re-run. The original artifact stored CUMULATIVE union recall in columns named pair_recall/entity_recall and defined retrieved_by_exactly_one as bit>0 AND bit<all_bits (which counts 1-6 strategies). The `hits` column was already standalone, so all seven corrected values were re-derived arithmetically as hits/692176; retrieval was not re-run and candidate generation did not change. corrected: retrieved_by_fewer_than_all_strategies=536892, retrieved_by_all_strategies=644. A fourth bug (a count reconstructed from the 4dp-rounded recall, giving 651.88) was found and fixed while writing this row."
E012,2026-09-26,retrieval,"Why do the remaining misses happen? Classify the pairs the union does not retrieve, so the next retrieval change is aimed at a measured cause rather than a guess.","E011's full-corpus miss set (154,640 pairs) - used for framing only; NOT re-measured","Miss analysis over a 500-query diagnostic sample. Joins missed true pairs to S1 and vendor text, then categorises them. Adds --bitmask-in/--bitmask-out so the whole analysis can be redone from the bitmask without re-running retrieval.","plan=[exact_name,alnum_name,sorted_name,address_exact,name_token(df<=50),address_token(df<=200),numeric_token(df<=200)]; query_rows=500; diagnostics only, sample NOT sized for inference",train (500-query diagnostic sample),"500 train S1 queries (seed 17) -> 1,740 true pairs over 469 entities; 1,320 retrieved, 420 missed",17,0.758621 (union pair); 0.946695 (union entity hit rate) - WITHIN THE 500-QUERY SAMPLE ONLY; per-strategy standalone: exact_name 0.475862 alnum_name 0.483333 sorted_name 0.508621 address_exact 0.102874 name_token 0.106322 address_token 0.382759 numeric_token 0.068966,,"0.758621 (union, sample only)",,"22.7 s (regeneration from the frozen bitmask, no retrieval re-run)",5.49 GiB peak RSS,"experiments/results/E012_retrieval_miss_analysis.json; experiments/results/E012_bitmask.parquet (1,740 rows, all true pairs, validated) - both gitignored",430ccfe (run); corrections UNCOMMITTED,PRELIMINARY (in-sample only),"Within this 500-query sample, 386 of the 420 missed pairs (91.9%) have all four fields present on both sides with nothing identical - i.e. they are genuinely hard, not blocked by missing data. 34 (8.1%) have a missing address on at least one side. Zero missed pairs have identical names, which is expected since exact_name has no df ceiling and should have caught them. So the miss population is dominated by hard cases, and no error is attributable to null handling.","CRITICAL: this ran at --query-rows 500, NOT 200,000. The 91.9% is 386/420 within that 500-query diagnostic sample and must NOT be read as a population figure, nor as a share of E011's 154,640 full-corpus misses. The sample is 0.4% of E011's query count. No per-country breakdown is reportable at n=500. Not a recall estimate - E011 is. Regeneration with --bitmask-input reproduces every recall number exactly, which is what proves the corrections did not disturb retrieval.","CORRECTED, not re-run; the frozen 500-query bitmask was reused. Original artifact recorded query_rows=200000 (it read module defaults instead of args) while the run used 500, published 386 as '91.9% of all misses', reported retrieved_by_exactly_one=1318 against a histogram whose '1' bucket was 347, and had all 100 hard examples with a null vendor name and address (wrong column: read business_name_vendor, frame had business_name_vendor_raw). All four fixed; all recall numbers byte-identical to the original."
E012-R1,2026-09-27,retrieval,"Reproduce the frozen E012 500-query bitmask from scratch (retrieval re-run, no --bitmask-input) in the SageMaker/Jupyter execution environment against S3 data.","Frozen local E012 bitmask (1,740 rows, 420 missed) and corrected E012 report","None to code or config. Same script, same sample (500 queries, seed 17), same full 10,320,219-vendor pool, same ceilings. Only the environment and data source differ (SageMaker/S3 vs laptop/local TSV).","plan=[exact 7 strategies]; max_df name_token<=50, address_token<=200, numeric_token<=200; query_rows=500; seed=17; dataset_root=s3://sagemaker-ap-south-1-115775806821/student_resource/dataset (S3) vs local TSV mirror for frozen run",train (500-query diagnostic sample),"500 train S1 queries (seed 17) -> 1,740 true pairs over 500 entities; row_id set identical to frozen bitmask (0 row differences)",17,0.758621 (union pair); 0.946695 (union entity hit rate) - WITHIN THE 500-QUERY SAMPLE ONLY; per-strategy standalone hits identical: 828/841/885/179/185/666/120; 0 bit mismatches vs frozen bitmask,,"0.758621 (union, sample only)",,107.3 s,6.67 GiB peak RSS in run log (address_token stage); artifact end-of-run RSS 4.84 GiB,experiments/results/E012_sagemaker_bitmask.parquet; experiments/results/E012_sagemaker_miss_analysis.json (both gitignored); run log on SageMaker experiments/logs/E012_sagemaker_*.log,230f117 presumed (operator pulled feat/candidate-retrieval post-push; tee'd SageMaker log is the authority),MEASURED,"The E012 retrieval path reproduces the frozen bitmask bit-for-bit in the execution environment against S3 data. The provenance gap is closed: E012 is now a verified SageMaker/Jupyter result, not only a local diagnostic. Sample identity held, so no S3-vs-local load-order shift.","Diagnostic scope unchanged: 500 queries, PRELIMINARY for population claims; 91.9% stays in-sample only. Instance type UNKNOWN: not in artifact, no SageMaker access from here to check the log/console. Not blocking per E014 directive. Single run, no variance estimate.","E012-R1 reproduces E012; it does not supersede it. Failure partition identical (386 all-present-nothing-identical, 34 address-missing, 0 unclassified)."
